Date,NASDAQprice,NASDAQrate,NASDAQAnnualized,gold,goldrete,goldAnnualized,apple,applerate,appleAnnualized,,,,,,,,,,,,,,,,,,,biaopu,biaopurate,biaopuvar
2019/7/15,8258.19043,0.995714482,0.456,1411.400024,0.998441212,0.394,205.210007,0.996540096,0.857,,,,,,,,,,,,,,,,,,,3017.25,0.996602867,0.000404536
2019/7/16,8222.799805,0.995428583,0.1638,1409.199951,1.008586502,0.058765,204.5,0.994376557,0.23871,,,,,,,,,,,,,,,,,,,3007,0.992683738,1.000384586
2019/7/17,8185.209961,1.002691473,,1421.300049,1.003377138,,203.350006,1.011359714,,,,,,,,,,,,,,,,,,,,2985,1.004187605,
2019/7/18,8207.240234,0.992597999,,1426.099976,0.999298787,,205.660004,0.985072411,,,,,,,,,,,,,,,,,,,,2997.5,0.993160967,
2019/7/19,8146.490234,1.007076595,,1425.099976,1.000140392,,202.589996,1.022854065,,,,,,,,,,,,,,,,,,,,2977,1.004030904,
2019/7/22,8204.139648,1.005760597,,1425.300049,0.996351594,,207.220001,1.007817754,,,,,,,,,,,,,,,,,,,,2989,1.006356641,
2019/7/23,8251.400391,1.00849548,,1420.099976,1.001901326,,208.839996,0.999185989,,,,,,,,,,,,,,,,,,,,3008,1.004488032,
2019/7/24,8321.5,0.990030648,,1422.800049,0.993744711,,208.669998,0.992092807,,,,,,,,,,,,,,,,,,,,3021.5,0.995035578,
2019/7/25,8238.540039,1.011126962,,1413.900024,1.003253396,,207.020004,1.00347793,,,,,,,,,,,,,,,,,,,,3006.5,1.005987028,
2019/7/26,8330.209961,0.995572755,,1418.5,1.00077545,,207.740005,1.009338538,,,,,,,,,,,,,,,,,,,,3024.5,0.999090759,
2019/7/29,8293.330078,0.997622219,,1419.599976,1.007114663,,209.679993,0.995707774,,,,,,,,,,,,,,,,,,,,3021.75,0.996856126,
2019/7/30,8273.610352,0.988132094,,1429.699951,0.997482007,,208.779999,1.020404225,,,,,,,,,,,,,,,,,,,,3012.25,0.990040667,
2019/7/31,8175.419922,0.992134984,,1426.099976,0.996353725,,213.039993,0.97836087,,,,,,,,,,,,,,,,,,,,2982.25,0.989856652,
2019/8/1,8111.120117,0.986802033,,1420.900024,1.017383315,,208.429993,0.978841869,,,,,,,,,,,,,,,,,,,,2952,0.993394309,
2019/8/2,8004.069824,0.965263948,,1445.599976,1.013143332,,204.020004,0.947652153,,,,,,,,,,,,,,,,,,,,2932.5,0.965046888,
2019/8/5,7726.040039,1.013879035,,1464.599976,1.005325719,,193.339996,1.018930403,,,,,,,,,,,,,,,,,,,,2830,1.016254417,
2019/8/6,7833.27002,1.003773655,,1472.400024,1.023702815,,197,1.010355294,,,,,,,,,,,,,,,,,,,,2876,1.001564673,
2019/8/7,7862.830078,1.022425778,,1507.300049,0.993630931,,199.039993,1.022055869,,,,,,,,,,,,,,,,,,,,2880.5,1.020656136,
2019/8/8,8039.160156,0.990046222,,1497.699951,0.999265557,,203.429993,0.988005761,,,,,,,,,,,,,,,,,,,,2940,0.993112245,
2019/8/9,7959.140137,0.987972321,,1496.599976,1.005813225,,200.990005,0.997462516,,,,,,,,,,,,,,,,,,,,2919.75,0.986471444,
2019/8/12,7863.410156,1.019450811,,1505.300049,0.997940545,,200.479996,1.04234839,,,,,,,,,,,,,,,,,,,,2880.25,1.01796719,
2019/8/13,8016.359863,0.969759351,,1502.199951,1.009120006,,208.970001,0.970234957,,,,,,,,,,,,,,,,,,,,2932,0.968877899,
2019/8/14,7773.939941,0.999058415,,1515.900024,1.002440763,,202.75,0.99501852,,,,,,,,,,,,,,,,,,,,2840.75,1.002728153,
2019/8/15,7766.620117,1.016657196,,1519.599976,0.995327734,,201.740005,1.023594701,,,,,,,,,,,,,,,,,,,,2848.5,1.015095664,
2019/8/16,7895.990234,1.013528363,,1512.5,0.992000016,,206.5,1.018644097,,,,,,,,,,,,,,,,,,,,2891.5,1.011153381,
2019/8/19,8002.810059,0.993221131,,1500.400024,1.002799221,,210.350006,1.000047516,,,,,,,,,,,,,,,,,,,,2923.75,0.991278324,
2019/8/20,7948.560059,1.009014199,,1504.599976,1,,210.360001,1.010838553,,,,,,,,,,,,,,,,,,,,2898.25,1.01069611,
2019/8/21,8020.209961,0.9964066,,1504.599976,0.995148261,,212.639999,0.999153536,,,,,,,,,,,,,,,,,,,,2929.25,0.99761031,
2019/8/22,7991.390137,0.970015215,,1497.300049,1.019568507,,212.460007,0.953779499,,,,,,,,,,,,,,,,,,,,2922.25,0.977158012,
2019/8/23,7751.77002,1.013154443,,1526.599976,0.999803533,,202.639999,1.01899924,,,,,,,,,,,,,,,,,,,,2855.5,1.009718088,
2019/8/26,7853.740234,0.996588881,,1526.300049,1.009631102,,206.490005,0.988716156,,,,,,,,,,,,,,,,,,,,2883.25,0.993843753,
2019/8/27,7826.950195,1.003823927,,1541,0.997923458,,204.160004,1.006710399,,,,,,,,,,,,,,,,,,,,2865.5,1.008462746,
2019/8/28,7856.879883,1.014829074,,1537.800049,0.992651809,,205.529999,1.016931815,,,,,,,,,,,,,,,,,,,,2889.75,1.012803876,
2019/8/29,7973.390137,0.998681834,,1526.5,0.995152293,,209.009995,0.998708244,,,,,,,,,,,,,,,,,,,,2926.75,0.999316648,
2019/8/30,7962.879883,0.988858337,,1519.099976,1.017642057,,208.740005,0.98543639,,,,,,,,,,,,,,,,,,,,2924.75,0.993589196,
2019/9/3,7874.160156,1.013045166,,1545.900024,1.002846255,,205.699997,1.016966481,,,,,,,,,,,,,,,,,,,,2906,1.011183758,
2019/9/4,7976.879883,1.017544478,,1550.300049,0.977488213,,209.190002,1.019551589,,,,,,,,,,,,,,,,,,,,2938.5,1.011400374,
2019/9/5,8116.830078,0.998304726,,1515.400024,0.993928948,,213.279999,0.999906208,,,,,,,,,,,,,,,,,,,,2972,1.002944145,
2019/9/6,8103.069824,0.998071116,,1506.199951,0.99734431,,213.259995,1.004267106,,,,,,,,,,,,,,,,,,,,2980.75,0.999161285,
2019/9/9,8087.439941,0.999594459,,1502.199951,0.99207835,,214.169998,1.011813041,,,,,,,,,,,,,,,,,,,,2978.25,1.000083942,
2019/9/10,8084.160156,1.010578714,,1490.300049,1.002751107,,216.699997,1.031795104,,,,,,,,,,,,,,,,,,,,2978.5,1.007889877,
2019/9/11,8169.680176,1.003034336,,1494.400024,1.00287736,,223.589996,0.997763764,,,,,,,,,,,,,,,,,,,,3002,1.003247835,
2019/9/12,8194.469727,0.997832713,,1498.699951,0.994795538,,223.089996,0.980545986,,,,,,,,,,,,,,,,,,,,3011.75,0.998256827,
2019/9/13,8176.709961,0.997166351,,1490.900024,1.008182944,,218.75,1.005257115,,,,,,,,,,,,,,,,,,,,3006.5,0.997505405,
2019/9/16,8153.540039,1.003983543,,1503.099976,1.001330583,,219.899994,1.003638031,,,,,,,,,,,,,,,,,,,,2999,1.002167389,
2019/9/17,8186.02002,0.998945778,,1505.099976,1.001594594,,220.699997,1.00937928,,,,,,,,,,,,,,,,,,,,3005.5,1.000249543,
2019/9/18,8177.390137,1.000671332,,1507.5,0.993963532,,222.770004,0.991875042,,,,,,,,,,,,,,,,,,,,3006.25,0.99991684,
2019/9/19,8182.879883,0.992030928,,1498.400024,1.005939686,,220.960007,0.98538192,,,,,,,,,,,,,,,,,,,,3006,1.002531639,
2019/9/20,8117.669922,0.999358195,,1507.300049,1.010880317,,217.729996,1.004546939,,,,,,,,,,,,,,,,,,,,3013.610107,0.994488303,
2019/9/23,8112.459961,0.985352152,,1523.699951,1.005512913,,218.720001,0.995245026,,,,,,,,,,,,,,,,,,,,2997,0.991074408,
2019/9/24,7993.629883,1.010477093,,1532.099976,0.98205078,,217.679993,1.015389591,,,,,,,,,,,,,,,,,,,,2970.25,1.005386752,
2019/9/25,8077.379883,0.99421598,,1504.599976,1.001927439,,221.029999,0.994842329,,,,,,,,,,,,,,,,,,,,2986.25,0.998074508,
2019/9/26,8030.660156,0.988664659,,1507.5,0.994427845,,219.889999,0.995133967,,,,,,,,,,,,,,,,,,,,2980.5,0.994380138,
2019/9/27,7939.629883,1.007520497,,1499.099976,0.977719948,,218.820007,1.023535298,,,,,,,,,,,,,,,,,,,,2963.75,1.004976803,
2019/9/30,7999.339844,0.988666606,,1465.699951,1.011121,,223.970001,1.002768206,,,,,,,,,,,,,,,,,,,,2978.5,0.986318617,
2019/10/1,7908.680176,0.984393075,,1482,1.012820513,,224.589996,0.974932147,,,,,,,,,,,,,,,,,,,,2937.75,0.980512297,
2019/10/2,7785.25,1.011176233,,1501,1.004063941,,218.960007,1.008494702,,,,,,,,,,,,,,,,,,,,2880.5,1.010848811,
2019/10/3,7872.259766,1.013999849,,1507.099976,0.99940281,,220.820007,1.028031826,,,,,,,,,,,,,,,,,,,,2911.75,1.013479866,
2019/10/4,7982.470215,0.996720291,,1506.199951,0.994356659,,227.009995,1.000220268,,,,,,,,,,,,,,,,,,,,2951,0.99542528,
2019/10/7,7956.290039,0.983345221,,1497.699951,0.999666155,,227.059998,0.988285017,,,,,,,,,,,,,,,,,,,,2937.5,0.984680851,
2019/10/8,7823.779785,1.010220181,,1497.199951,1.005944446,,224.399994,1.011720165,,,,,,,,,,,,,,,,,,,,2892.5,1.009161625,
2019/10/9,7903.740234,1.005951556,,1506.099976,0.992497226,,227.029999,1.013478382,,,,,,,,,,,,,,,,,,,,2919,1.007536828,
2019/10/10,7950.779785,1.013364759,,1494.800049,0.991905206,,230.089996,1.026598336,,,,,,,,,,,,,,,,,,,,2941,1.010115607,
2019/10/11,8057.040039,0.998958658,,1482.699951,1.006070008,,236.210007,0.998560552,,,,,,,,,,,,,,,,,,,,2970.75,0.99823277,
2019/10/14,8048.649902,1.012431906,,1491.699951,0.990547714,,235.869995,0.997668258,,,,,,,,,,,,,,,,,,,,2965.5,1.010875063,
2019/10/15,8148.709961,0.996989734,,1477.599976,1.007038457,,235.320007,0.995962893,,,,,,,,,,,,,,,,,,,,2997.75,0.997915103,
2019/10/16,8124.180176,1.004021319,,1488,1.002889818,,234.369995,1.003882767,,,,,,,,,,,,,,,,,,,,2991.5,1.002172823,
2019/10/17,8156.850098,0.991748033,,1492.300049,0.997252498,,235.279999,1.004802809,,,,,,,,,,,,,,,,,,,,2998,0.996747832,
2019/10/18,8089.540039,1.00907965,,1488.199951,0.996102723,,236.410004,1.017342714,,,,,,,,,,,,,,,,,,,,2988.25,1.006107253,
2019/10/21,8162.990234,0.99281018,,1482.400024,0.999527744,,240.509995,0.997713243,,,,,,,,,,,,,,,,,,,,3006.5,0.996008648,
2019/10/22,8104.299805,1.00191136,,1481.699951,1.005534233,,239.960007,1.013418844,,,,,,,,,,,,,,,,,,,,2994.5,1.003756888,
2019/10/23,8119.790039,1.008129492,,1489.900024,1.006040674,,243.179993,1.001644909,,,,,,,,,,,,,,,,,,,,3005.75,0.999500957,
2019/10/24,8185.799805,1.007002408,,1498.900024,1.000400278,,243.580002,1.012316282,,,,,,,,,,,,,,,,,,,,3004.25,1.005325788,
2019/10/25,8243.120117,1.010053246,,1499.5,0.993664555,,246.580002,1.010017037,,,,,,,,,,,,,,,,,,,,3020.25,1.005297575,
2019/10/28,8325.990234,0.994097924,,1490,0.997986577,,249.050003,0.976872074,,,,,,,,,,,,,,,,,,,,3036.25,0.999835323,
2019/10/29,8276.849609,1.003277921,,1487,1.004169436,,243.289993,0.999876699,,,,,,,,,,,,,,,,,,,,3035.75,1.003952895,
2019/10/30,8303.980469,0.998600657,,1493.199951,1.012188638,,243.259995,1.022609554,,,,,,,,,,,,,,,,,,,,3047.75,0.996062669,
2019/10/31,8292.360352,1.011340563,,1511.400024,0.997750414,,248.759995,1.028380817,,,,,,,,,,,,,,,,,,,,3035.75,1.009058717,
2019/11/1,8386.400391,1.00558044,,1508,1,,255.820007,1.00656709,,,,,,,,,,,,,,,,,,,,3063.25,1.004080633,
2019/11/4,8433.200195,1.000175437,,1508,0.981962897,,257.5,0.998563126,,,,,,,,,,,,,,,,,,,,3075.75,0.998780785,
2019/11/5,8434.679688,0.9971487,,1480.800049,1.006347854,,257.130005,1.000427741,,,,,,,,,,,,,,,,,,,,3072,1.001139323,
2019/11/6,8410.629883,1.002840411,,1490.199951,0.982552677,,257.23999,1.008513462,,,,,,,,,,,,,,,,,,,,3075.5,1.003414079,
2019/11/7,8434.519531,1.004836083,,1464.199951,0.998019463,,259.429993,1.002736854,,,,,,,,,,,,,,,,,,,,3086,1.001458198,
2019/11/8,8475.30957,0.998698656,,1461.300049,0.996030898,,260.140015,1.007918801,,,,,,,,,,,,,,,,,,,,3090.5,0.999029283,
2019/11/11,8464.280273,1.00257666,,1455.5,0.997664016,,262.200012,0.999084588,,,,,,,,,,,,,,,,,,,,3087.5,1.00145749,
2019/11/12,8486.089844,0.999529791,,1452.099976,1.006611098,,261.959991,1.009581654,,,,,,,,,,,,,,,,,,,,3092,1.001131953,
2019/11/13,8482.099609,0.999636873,,1461.699951,1.00690983,,264.470001,0.993080554,,,,,,,,,,,,,,,,,,,,3095.5,1.000484574,
2019/11/14,8479.019531,1.007289822,,1471.800049,0.996942519,,262.640015,1.011879359,,,,,,,,,,,,,,,,,,,,3097,1.006861479,
2019/11/15,8540.830078,1.001066682,,1467.300049,1.002453469,,265.76001,1.005042128,,,,,,,,,,,,,,,,,,,,3118.25,1.001122424,
2019/11/18,8549.94043,1.002423377,,1470.900024,1.001631671,,267.100006,0.996967439,,,,,,,,,,,,,,,,,,,,3121.75,0.998958917,
2019/11/19,8570.660156,0.99487441,,1473.300049,1,,266.290009,0.988358531,,,,,,,,,,,,,,,,,,,,3118.5,0.996953664,
2019/11/20,8526.730469,0.997593391,,1473.300049,0.993076717,,263.190002,0.995516577,,,,,,,,,,,,,,,,,,,,3109,0.998391766,
2019/11/21,8506.209961,1.001607052,,1463.099976,1,,262.01001,0.999122129,,,,,,,,,,,,,,,,,,,,3104,1.002416237,
2019/11/22,8519.879883,1.013217364,,1463.099976,0.995557378,,261.779999,1.017533792,,,,,,,,,,,,,,,,,,,,3111.5,1.006829503,
2019/11/25,8632.490234,1.001788528,,1456.599976,1.002196947,,266.369995,0.992191365,,,,,,,,,,,,,,,,,,,,3132.75,1.003511292,
2019/11/26,8647.929688,1.006620082,,1459.800049,0.995615821,,264.290009,1.013432165,,,,,,,,,,,,,,,,,,,,3143.75,1.003180915,
2019/11/27,8705.179688,0.995438353,,1453.400024,1,,267.839996,0.997797207,,,,,,,,,,,,,,,,,,,,3153.75,1,
2019/11/29,8665.469727,0.988750813,,1453.400024,1.006123589,,267.25,0.988437807,,,,,,,,,,,,,,,,,,,,3153.75,0.987475228,
2019/12/2,8567.990234,0.994473548,,1462.300049,1.010873214,,264.160004,0.982169928,,,,,,,,,,,,,,,,,,,,3114.25,0.992534318,
2019/12/3,8520.639648,1.005402209,,1478.199951,0.99715874,,259.450012,1.008826278,,,,,,,,,,,,,,,,,,,,3091,1.006470398,
2019/12/4,8566.669922,1.00047046,,1474,1.001967452,,261.73999,1.014671037,,,,,,,,,,,,,,,,,,,,3111,1.00216972,
2019/12/5,8570.700195,1.01001436,,1476.900024,0.987947696,,265.579987,1.01931623,,,,,,,,,,,,,,,,,,,,3117.75,1.009061022,
2019/12/6,8656.530273,0.995991443,,1459.099976,1.000137121,,270.709991,0.985999859,,,,,,,,,,,,,,,,,,,,3146,0.996344565,
2019/12/9,8621.830078,0.999344641,,1459.300049,1.002261308,,266.920013,1.00584444,,,,,,,,,,,,,,,,,,,,3134.5,1.000478545,
2019/12/10,8616.179688,1.004395233,,1462.599976,1.004649288,,268.480011,1.008529417,,,,,,,,,,,,,,,,,,,,3136,1.002232143,
2019/12/11,8654.049805,1.007311087,,1469.400024,0.998162466,,270.769989,1.002548296,,,,,,,,,,,,,,,,,,,,3143,1.007954184,
2019/12/12,8717.320313,1.002014331,,1466.699951,1.006068061,,271.459991,1.013593174,,,,,,,,,,,,,,,,,,,,3168,1.001262626,
2019/12/13,8734.879883,1.009084336,,1475.599976,0.999593402,,275.149994,1.017117903,,,,,,,,,,,,,,,,,,,,3172,1.007014502,
2019/12/16,8814.230469,1.001035812,,1475,0.999728797,,279.859985,1.001965336,,,,,,,,,,,,,,,,,,,,3194.25,0.999295609,
2019/12/17,8823.360352,1.000496396,,1474.599976,0.9986437,,280.410004,0.997610592,,,,,,,,,,,,,,,,,,,,3192,1.000861529,
2019/12/18,8827.740234,1.006737794,,1472.599976,1.003802781,,279.73999,1.001000926,,,,,,,,,,,,,,,,,,,,3194.75,1.003834416,
2019/12/19,8887.219727,1.004246574,,1478.199951,0.997632255,,280.019989,0.997928766,,,,,,,,,,,,,,,,,,,,3207,1.007489872,
2019/12/20,8924.959961,1.002318266,,1474.699951,1.005289245,,279.440002,1.016318344,,,,,,,,,,,,,,,,,,,,3231.02002,0.99883318,
2019/12/23,8945.650391,1.000808157,,1482.5,1,,284,1.000950665,,,,,,,,,,,,,,,,,,,,3227.25,1,
2019/12/24,8952.879883,1.007763956,,1482.5,1.018077605,,284.269989,1.019840346,,,,,,,,,,,,,,,,,,,,3227.25,1.005345108,
2019/12/26,9022.389648,0.998252178,,1509.300049,1.002981515,,289.910004,0.999620517,,,,,,,,,,,,,,,,,,,,3244.5,0.997842503,
2019/12/27,9006.620117,0.993268298,,1513.800049,1.00046238,,289.799988,1.005935131,,,,,,,,,,,,,,,,,,,,3237.5,0.995675676,
2019/12/30,8945.990234,1.002974447,,1514.5,1.00330142,,291.519989,1.007306549,,,,,,,,,,,,,,,,,,,,3223.5,1.002326664,
2019/12/31,8972.599609,1.013328447,,1519.5,1.003290556,,293.649994,1.022816319,,,,,,,,,,,,,,,,,,,,3231,1.008666048,
2020/1/2,9092.19043,0.992144808,,1524.5,1.016202001,,300.350006,0.990277966,,,,,,,,,,,,,,,,,,,,3259,0.992789199,
2020/1/3,9020.769531,1.005620385,,1549.199951,1.010973406,,297.429993,1.007968245,,,,,,,,,,,,,,,,,,,,3235.5,1.00247257,
2020/1/6,9071.469727,0.999681457,,1566.199951,1.003575596,,299.799988,0.995296954,,,,,,,,,,,,,,,,,,,,3243.5,0.997456451,
2020/1/7,9068.580078,1.006689047,,1571.800049,0.990838513,,298.390015,1.016086286,,,,,,,,,,,,,,,,,,,,3235.25,1.007727378,
2020/1/8,9129.240234,1.008126575,,1557.400024,0.996340007,,303.190002,1.021240816,,,,,,,,,,,,,,,,,,,,3260.25,1.004830918,
2020/1/9,9203.429688,0.997330415,,1551.699951,1.003737868,,309.630005,1.002260705,,,,,,,,,,,,,,,,,,,,3276,0.996565934,
2020/1/10,9178.860352,1.010357423,,1557.5,0.994157319,,310.329987,1.021364368,,,,,,,,,,,,,,,,,,,,3264.75,1.007657554,
2020/1/13,9273.929688,0.997563103,,1548.400024,0.996125032,,316.959991,0.986496725,,,,,,,,,,,,,,,,,,,,3289.75,0.999468045,
2020/1/14,9251.330078,1.000796655,,1542.400024,1.006288869,,312.679993,0.995714478,,,,,,,,,,,,,,,,,,,,3288,1.001748783,
2020/1/15,9258.700195,1.010631048,,1552.099976,0.998002721,,311.339996,1.012526479,,,,,,,,,,,,,,,,,,,,3293.75,1.006907021,
2020/1/16,9357.129883,1.003399605,,1549,1.006326694,,315.23999,1.011070997,,,,,,,,,,,,,,,,,,,,3316.5,1.002562943,
2020/1/17,9388.94043,0.998068913,,1558.800049,0.998460338,,318.730011,0.993223092,,,,,,,,,,,,,,,,,,,,3325,0.998345865,
2020/1/21,9370.80957,1.001383014,,1556.400024,0.999293257,,316.570007,1.003569526,,,,,,,,,,,,,,,,,,,,3319.5,1.000075313,
2020/1/22,9383.769531,1.001993968,,1555.300049,1.005979507,,317.700012,1.004815861,,,,,,,,,,,,,,,,,,,,3319.75,1.001882672,
2020/1/23,9402.480469,0.990686467,,1564.599976,1.004154417,,319.230011,0.997118025,,,,,,,,,,,,,,,,,,,,3326,0.990228503,
2020/1/24,9314.910156,0.98114844,,1571.099976,1.003628078,,318.309998,0.970594747,,,,,,,,,,,,,,,,,,,,3293.5,0.983604069,
2020/1/27,9139.30957,1.014264767,,1576.800049,0.99518005,,308.950012,1.028289334,,,,,,,,,,,,,,,,,,,,3239.5,1.011961722,
2020/1/28,9269.679688,1.000591225,,1569.199951,1.000382423,,317.690002,1.020932336,,,,,,,,,,,,,,,,,,,,3278.25,0.998246015,
2020/1/29,9275.160156,1.002562709,,1569.800049,1.008727195,,324.339996,0.9985509,,,,,,,,,,,,,,,,,,,,3272.5,1.005271199,
2020/1/30,9298.929688,0.984085345,,1583.5,0.999621108,,323.869995,0.955661268,,,,,,,,,,,,,,,,,,,,3289.75,0.980013679,
2020/1/31,9150.94043,1.013382227,,1582.900024,0.996398968,,309.51001,0.997253704,,,,,,,,,,,,,,,,,,,,3224,1.006668734,
2020/2/3,9273.400391,1.020981445,,1577.199951,0.983007908,,308.660004,1.033013678,,,,,,,,,,,,,,,,,,,,3245.5,1.016638422,
2020/2/4,9467.969727,1.004299756,,1550.400024,1.004772978,,318.850006,1.008154323,,,,,,,,,,,,,,,,,,,,3299.5,1.010759206,
2020/2/5,9508.679688,1.006675028,,1557.800049,1.004686049,,321.450012,1.011696932,,,,,,,,,,,,,,,,,,,,3335,1.003073463,
2020/2/6,9572.150391,0.994605118,,1565.099976,1.002236279,,325.209991,0.984071855,,,,,,,,,,,,,,,,,,,,3345.25,0.994096106,
2020/2/7,9520.509766,1.011331314,,1568.599976,1.003888802,,320.029999,1.00474952,,,,,,,,,,,,,,,,,,,,3325.5,1.008269433,
2020/2/10,9628.389648,1.001095799,,1574.699951,0.994221137,,321.549988,0.993966714,,,,,,,,,,,,,,,,,,,,3353,1.001342082,
2020/2/11,9638.94043,1.009027915,,1565.599976,1.00114975,,319.609985,1.023747778,,,,,,,,,,,,,,,,,,,,3357.5,1.006850335,
2020/2/12,9725.959961,0.998561558,,1567.400024,1.004912563,,327.200012,0.992878921,,,,,,,,,,,,,,,,,,,,3380.5,0.999112557,
2020/2/13,9711.969727,1.001977968,,1575.099976,1.004825075,,324.869995,1.000246305,,,,,,,,,,,,,,,,,,,,3377.5,1.001036269,
2020/2/14,9731.179688,1.000160366,,1582.699951,1.010930719,,324.950012,0.981689454,,,,,,,,,,,,,,,,,,,,3381,0.996524697,
2020/2/18,9732.740234,1.008675815,,1600,1.0046875,,319,1.014482743,,,,,,,,,,,,,,,,,,,,3369.25,1.005342435,
2020/2/19,9817.179688,0.993255704,,1607.5,1.005660949,,323.619995,0.989741033,,,,,,,,,,,,,,,,,,,,3387.25,0.994685955,
2020/2/20,9750.969727,0.982116662,,1616.599976,1.017320302,,320.299988,0.977364969,,,,,,,,,,,,,,,,,,,,3369.25,0.991095941,
2020/2/21,9576.589844,0.962898111,,1644.599976,1.016903836,,313.049988,0.952499615,,,,,,,,,,,,,,,,,,,,3339.25,0.966160066,
2020/2/24,9221.280273,0.972273924,,1672.400024,0.984752452,,298.179993,0.966127821,,,,,,,,,,,,,,,,,,,,3226.25,0.970941496,
2020/2/25,8965.610352,1.001692012,,1646.900024,0.995810296,,288.079987,1.015863674,,,,,,,,,,,,,,,,,,,,3132.5,0.992897047,
2020/2/26,8980.780273,0.953868173,,1640,1.001890229,,292.649994,0.934631794,,,,,,,,,,,,,,,,,,,,3110.25,1,
2020/2/27,8566.480469,1.000103852,,1643.099976,0.999634851,,273.519989,0.999415019,,,,,,,,,,,,,,,,,,,,3110.25,0.95069525,
2020/2/28,8567.370117,1.044914577,,1642.5,0.953850807,,273.359985,1.093100726,,,,,,,,,,,,,,,,,,,,2956.899902,0.998038552,
2020/3/2,8952.169922,0.970054179,,1566.699951,1.017935852,,298.809998,0.968240718,,,,,,,,,,,,,,,,,,,,2951.100098,1.038629662,
2020/3/3,8684.089844,1.038461141,,1594.800049,1.031101062,,289.320007,1.046384566,,,,,,,,,,,,,,,,,,,,3065.100098,0.977814754,
2020/3/4,9018.089844,0.96900674,,1644.400024,0.999148611,,302.73999,0.967563,,,,,,,,,,,,,,,,,,,,2997.100098,1.03923788,
2020/3/5,8738.589844,0.981350569,,1643,1.015216068,,292.920013,0.986719876,,,,,,,,,,,,,,,,,,,,3114.699951,0.968151041,
2020/3/6,8575.620117,0.927125977,,1668,1.002637904,,289.029999,0.920907912,,,,,,,,,,,,,,,,,,,,3015.5,0.982954766,
2020/3/9,7950.680176,1.049501403,,1672.400024,1.001973168,,266.170013,1.072021573,,,,,,,,,,,,,,,,,,,,2964.100098,0.926992969,
2020/3/10,8344.25,0.95299755,,1675.699951,0.990809869,,285.339996,0.965269492,,,,,,,,,,,,,,,,,,,,2747.699951,1.042963224,
2020/3/11,7952.049805,0.905653257,,1660.300049,0.989158586,,275.429993,0.901245334,,,,,,,,,,,,,,,,,,,,2865.75,0.956224391,
2020/3/12,7201.799805,1.093459982,,1642.300049,0.968337089,,248.229996,1.119808264,,,,,,,,,,,,,,,,,,,,2740.300049,0.900959697,
2020/3/13,7874.879883,0.876786687,,1590.300049,0.953719364,,277.970001,0.871353046,,,,,,,,,,,,,,,,,,,,2468.899902,1.08708332,
2020/3/16,6904.589844,1.062304923,,1516.699951,0.980088381,,242.210007,1.043970083,,,,,,,,,,,,,,,,,,,,2683.899902,0.89654983,
2020/3/17,7334.779785,0.952972011,,1486.5,1.026437974,,252.860001,0.975520039,,,,,,,,,,,,,,,,,,,,2406.25,1.032935065,
2020/3/18,6989.839844,1.022996269,,1525.800049,0.968606617,,246.669998,0.992337945,,,,,,,,,,,,,,,,,,,,2485.5,0.96616371,
2020/3/19,7150.580078,0.962092578,,1477.900024,1.000947307,,244.779999,0.936514445,,,,,,,,,,,,,,,,,,,,2401.399902,0.994836386,
2020/3/20,6879.52002,0.997259969,,1479.300049,1.065165888,,229.240005,0.978755846,,,,,,,,,,,,,,,,,,,,2389,0.944746756,
2020/3/23,6860.669922,1.081215092,,1575.699951,1.076410502,,224.369995,1.100325402,,,,,,,,,,,,,,,,,,,,2257,1.077868852,
2020/3/24,7417.859863,0.995475776,,1696.099976,0.965803903,,246.880005,0.994491247,,,,,,,,,,,,,,,,,,,,2432.75,1.01294831,
2020/3/25,7384.299805,1.055962007,,1638.099976,0.999084305,,245.520004,1.052622995,,,,,,,,,,,,,,,,,,,,2464.25,1.062493659,
2020/3/26,7797.540039,0.962147016,,1636.599976,0.996333863,,258.440002,0.958597752,,,,,,,,,,,,,,,,,,,,2618.25,0.962474936,
2020/3/27,7502.379883,1.036224508,,1630.599976,1.004047575,,247.740005,1.028537955,,,,,,,,,,,,,,,,,,,,2520,1.037698413,
2020/3/30,7774.149902,0.990474868,,1637.199951,0.972636252,,254.809998,0.997959244,,,,,,,,,,,,,,,,,,,,2615,0.97208413,
2020/3/31,7700.100098,0.955907064,,1592.400024,1.008038135,,254.289993,0.947382951,,,,,,,,,,,,,,,,,,,,2542,0.971282455,
2020/4/1,7360.580078,1.01721739,,1605.199951,1.020246699,,240.910004,1.016686684,,,,,,,,,,,,,,,,,,,,2469,1.014277035,
2020/4/2,7487.310059,0.984743522,,1637.699951,1.006777858,,244.929993,0.985628591,,,,,,,,,,,,,,,,,,,,2504.25,0.990416292,
2020/4/3,7373.080078,1.073261127,,1648.800049,1.049672428,,241.410004,1.087237466,,,,,,,,,,,,,,,,,,,,2480.25,1.070960589,
2020/4/6,7913.240234,0.996716836,,1730.699951,0.978736969,,262.470001,0.988417693,,,,,,,,,,,,,,,,,,,,2656.25,0.995576471,
2020/4/7,7887.259766,1.02581887,,1693.900024,0.992207289,,259.429993,1.025594627,,,,,,,,,,,,,,,,,,,,2644.5,1.038570618,
2020/4/8,8090.899902,1.007746997,,1680.699951,1.035639928,,266.070007,1.007216082,,,,,,,,,,,,,,,,,,,,2746.5,1.01474604,
2020/4/9,8153.580078,1.004763533,,1740.599976,1.016546046,,267.98999,1.019627636,,,,,,,,,,,,,,,,,,,,2787,0.992285612,
2020/4/13,8192.419922,1.039465789,,1769.400024,0.989770558,,273.25,1.050503158,,,,,,,,,,,,,,,,,,,,2765.5,1.025131079,
2020/4/14,8515.740234,0.985607764,,1751.300049,0.995431965,,287.049988,0.990872687,,,,,,,,,,,,,,,,,,,,2835,0.971516755,
2020/4/15,8393.179688,1.016582591,,1743.300049,0.993690128,,284.429993,1.007945748,,,,,,,,,,,,,,,,,,,,2754.25,1.039575202,
2020/4/16,8532.360352,1.013803835,,1732.300049,0.978179272,,286.690002,0.986431288,,,,,,,,,,,,,,,,,,,,2863.25,1.002008207,
2020/4/17,8650.139648,0.989663846,,1694.5,1.00778988,,282.799988,0.979243298,,,,,,,,,,,,,,,,,,,,2869,0.980829557,
2020/4/20,8560.730469,0.965248293,,1707.699951,0.999765824,,276.929993,0.969089668,,,,,,,,,,,,,,,,,,,,2814,0.972459133,
2020/4/21,8263.230469,1.028094268,,1707.300049,1.016400164,,268.369995,1.028803559,,,,,,,,,,,,,,,,,,,,2736.5,1.014069066,
2020/4/22,8495.379883,0.999925856,,1735.300049,1.007376204,,276.100006,0.996124567,,,,,,,,,,,,,,,,,,,,2775,0.998018018,
2020/4/23,8494.75,1.016453637,,1748.099976,0.998627067,,275.029999,1.028869585,,,,,,,,,,,,,,,,,,,,2769.5,1.021122946,
2020/4/24,8634.519531,1.011076543,,1745.699951,0.985450018,,282.970001,1.000706831,,,,,,,,,,,,,,,,,,,,2828,1.014763083,
2020/4/27,8730.160156,0.985976238,,1720.300049,1.000406877,,283.170013,0.983790565,,,,,,,,,,,,,,,,,,,,2869.75,1.000696925,
2020/4/28,8607.730469,1.035663232,,1721,1.00627545,,278.579987,1.032845231,,,,,,,,,,,,,,,,,,,,2871.75,1.026203534,
2020/4/29,8914.709961,0.997177681,,1731.800049,0.989375202,,287.730011,1.021096086,,,,,,,,,,,,,,,,,,,,2947,0.997964031,
2020/4/30,8889.549805,0.967984924,,1713.400024,0.988794168,,293.799988,0.983900677,,,,,,,,,,,,,,,,,,,,2941,0.986909215,
2020/5/1,8604.950195,1.012290573,,1694.199951,1.003954712,,289.070007,1.014148811,,,,,,,,,,,,,,,,,,,,2902.5,0.972179156,
2020/5/4,8710.709961,1.011297604,,1700.900024,1.006643499,,293.160004,1.015008848,,,,,,,,,,,,,,,,,,,,2821.75,1.016036148,
2020/5/5,8809.120117,1.005138939,,1712.199951,0.999065544,,297.559998,1.010317271,,,,,,,,,,,,,,,,,,,,2867,0.996948029,
2020/5/6,8854.389648,1.014147842,,1710.599976,1.007365822,,300.630005,1.010344892,,,,,,,,,,,,,,,,,,,,2858.25,1.009009009,
2020/5/7,8979.660156,1.01577567,,1723.199951,0.989322248,,303.73999,1.02103778,,,,,,,,,,,,,,,,,,,,2884,1.01612344,
2020/5/8,9121.320313,1.007786102,,1704.800049,1.005337855,,310.130005,1.015735353,,,,,,,,,,,,,,,,,,,,2930.5,0.994625491,
2020/5/11,9192.339844,0.979353457,,1713.900024,0.995332283,,315.01001,0.988571773,,,,,,,,,,,,,,,,,,,,2914.75,0.970752209,
2020/5/12,9002.549805,0.984517733,,1705.900024,1.012192934,,311.410004,0.987925854,,,,,,,,,,,,,,,,,,,,2829.5,0.995405549,
2020/5/13,8863.169922,1.009088149,,1726.699951,1.008802961,,307.649994,1.006143394,,,,,,,,,,,,,,,,,,,,2816.5,1.012693059,
2020/5/14,8943.719727,1.007920624,,1741.900024,1.007003819,,309.540009,0.994087944,,,,,,,,,,,,,,,,,,,,2852.25,1.000876501,
2020/5/15,9014.55957,1.024434972,,1754.099976,0.99030842,,307.709991,1.023561146,,,,,,,,,,,,,,,,,,,,2854.75,1.033190297,
2020/5/18,9234.830078,0.994614902,,1737.099976,1.007138348,,314.959991,0.994221564,,,,,,,,,,,,,,,,,,,,2949.5,0.991608747,
2020/5/19,9185.099609,1.020759782,,1749.5,1,,313.140015,1.019448156,,,,,,,,,,,,,,,,,,,,2924.75,1.01410377,
2020/5/20,9375.780273,0.990304765,,1749.5,0.98633894,,319.230011,0.992544545,,,,,,,,,,,,,,,,,,,,2966,0.993678355,
2020/5/21,9284.879883,1.004276842,,1725.599976,1.005273514,,316.850006,1.006438406,,,,,,,,,,,,,,,,,,,,2947.25,1.003053694,
2020/5/22,9324.589844,1.001676201,,1734.699951,0.983051881,,318.890015,0.993226492,,,,,,,,,,,,,,,,,,,,2956.25,1.011078224,
2020/5/26,9340.219727,1.007723654,,1705.300049,1.001524644,,316.730011,1.004356941,,,,,,,,,,,,,,,,,,,,2989,1.017898963,
2020/5/27,9412.360352,0.995392217,,1707.900024,1.016570014,,318.109985,1.000440147,,,,,,,,,,,,,,,,,,,,3042.5,0.99433032,
2020/5/28,9368.990234,1.012902125,,1736.199951,1.003916628,,318.25,0.999025929,,,,,,,,,,,,,,,,,,,,3025.25,1.010577638,
2020/5/29,9489.870117,1.006552217,,1743,1.007114185,,317.940002,1.01229793,,,,,,,,,,,,,,,,,,,,3057.25,0.993294628,
2020/6/1,9552.049805,1.005897172,,1755.400024,0.987695127,,321.850006,1.004629455,,,,,,,,,,,,,,,,,,,,3036.75,1.016217996,
2020/6/2,9608.379883,1.007756799,,1733.800049,0.982120199,,323.339996,1.005505038,,,,,,,,,,,,,,,,,,,,3086,1.012232664,
2020/6/3,9682.910156,0.993070205,,1702.800049,1.009572426,,325.119995,0.991387832,,,,,,,,,,,,,,,,,,,,3123.75,0.995598239,
2020/6/4,9615.80957,1.020619222,,1719.099976,0.982258158,,322.320007,1.02848099,,,,,,,,,,,,,,,,,,,,3110,1.024196141,
2020/6/5,9814.080078,1.011276648,,1688.599976,1.009001583,,331.5,1.005912492,,,,,,,,,,,,,,,,,,,,3185.25,1.012479397,
2020/6/8,9924.75,1.002921988,,1703.800049,1.009155989,,333.459991,1.031577998,,,,,,,,,,,,,,,,,,,,3225,0.997209302,
2020/6/9,9953.75,1.006690906,,1719.400024,1.014365448,,343.98999,1.02572751,,,,,,,,,,,,,,,,,,,,3216,0.983830846,
2020/6/10,10020.34961,0.947345236,,1744.099976,0.994667779,,352.839996,0.951989564,,,,,,,,,,,,,,,,,,,,3164,0.958043616,
2020/6/11,9492.730469,1.010121335,,1734.800049,1.001441088,,335.899994,1.008633504,,,,,,,,,,,,,,,,,,,,3031.25,1.001484536,
2020/6/12,9588.80957,1.014309384,,1737.300049,0.996488748,,338.799988,1.012367185,,,,,,,,,,,,,,,,,,,,3035.75,1.018446842,
2020/6/15,9726.019531,1.017463525,,1731.199951,1.002195038,,342.98999,1.026502222,,,,,,,,,,,,,,,,,,,,3091.75,1.013341958,
2020/6/16,9895.870117,1.001481442,,1735,1.001037492,,352.079987,0.998608296,,,,,,,,,,,,,,,,,,,,3133,0.9906639,
2020/6/17,9910.530273,1.003281311,,1736.800049,0.996027162,,351.589996,1.000398234,,,,,,,,,,,,,,,,,,,,3103.75,1.006927104,
2020/6/18,9943.049805,1.00030879,,1729.900024,1.015203149,,351.730011,0.994285361,,,,,,,,,,,,,,,,,,,,3125.25,0.978401728,
2020/6/19,9946.120117,1.011095819,,1756.199951,1.006035815,,349.720001,1.026163771,,,,,,,,,,,,,,,,,,,,3057.75,1.021666258,
2020/6/22,10056.48047,1.007446905,,1766.800049,1.010527493,,358.869995,1.021344788,,,,,,,,,,,,,,,,,,,,3124,0.996798976,
2020/6/23,10131.37012,0.9780681,,1785.400024,0.991878571,,366.529999,0.982347963,,,,,,,,,,,,,,,,,,,,3114,0.9764772,
2020/6/24,9909.169922,1.010881848,,1770.900024,1.002710445,,360.059998,1.01327556,,,,,,,,,,,,,,,,,,,,3040.75,1.011921401,
2020/6/25,10017,0.97406606,,1775.699951,1.005124795,,364.839996,0.969274227,,,,,,,,,,,,,,,,,,,,3077,0.975950601,
2020/6/26,9757.219727,1.011984015,,1784.800049,0.999943916,,353.630005,1.02304667,,,,,,,,,,,,,,,,,,,,3003,1.017149517,
2020/6/29,9874.150391,1.018697218,,1784.699951,1.00874102,,361.779999,1.008347584,,,,,,,,,,,,,,,,,,,,3054.5,1.00900311,
2020/6/30,10058.76953,1.009530027,,1800.300049,0.988168612,,364.799988,0.998108544,,,,,,,,,,,,,,,,,,,,3082,1.007543803,
2020/7/1,10154.62988,1.005219294,,1779,1.004496908,,364.109985,1,,,,,,,,,,,,,,,,,,,,3105.25,1.007809355,
2020/7/2,10207.62988,1.02214231,,1787,1.00430887,,364.109985,1.026750217,,,,,,,,,,,,,,,,,,,,3129.5,1.015178143,
2020/7/6,10433.65039,0.991396996,,1794.699951,1.007243551,,373.850006,0.996897141,,,,,,,,,,,,,,,,,,,,3177,0.988747246,
2020/7/7,10343.88965,1.01436697,,1807.699951,1.005587265,,372.690002,1.023290115,,,,,,,,,,,,,,,,,,,,3141.25,1.008595304,
2020/7/8,10492.5,1.005265666,,1817.800049,0.994993895,,381.369995,1.004300325,,,,,,,,,,,,,,,,,,,,3168.25,0.994949893,
2020/7/9,10547.75,1.006607137,,1808.699951,0.996185159,,383.01001,1.001749257,,,,,,,,,,,,,,,,,,,,3152.25,1.008644619,
2020/7/10,10617.44043,1.005434933,,1801.800049,1.006826466,,383.679993,0.995386809,,,,,,,,,,,,,,,,,,,,3179.5,0.992923416,
2020/7/13,10675.14551,,,1814.099976,,,381.910004, ,,,,,,,,,,,,,,,,,,,,3157,1.000384586,
,,,,,,,,,,,,,,,,,,,,,,,,,,,,,,
,,1.001250399,,,1.001080231,,,1.00280573,,,,,,,,,,,,,,,,,,,,,,
